,Customer ID,Age,Gender,Region,Order Frequency,Average Order Value,Product Categories,Satisfaction Score,Churn
0,1,63,Male,South,8,72.93968904340298,Home,4,0
1,2,20,Male,North,5,33.997871665499346,Books,4,0
2,3,46,Male,West,9,207.37240631261952,Electronics,1,0
3,4,52,Female,East,3,433.54524377726875,Books,1,0
4,5,56,Male,West,1,347.2198211085825,Home,4,1
5,6,35,Female,South,1,375.96279015249735,Beauty,2,0
6,7,37,Male,South,3,332.2660208858806,Electronics,3,1
7,8,60,Male,North,1,468.85099039473164,Home,3,0
8,9,40,Male,West,8,196.01565006647436,Clothing,1,0
9,10,51,Female,East,5,374.58675755908484,Clothing,1,1
10,11,50,Male,South,1,141.88208922943514,Clothing,2,0
11,12,27,Female,North,2,342.7425798925595,Beauty,2,0
12,13,50,Male,West,1,356.8962543451614,Books,3,0
13,14,64,Male,East,9,189.11639329851073,Clothing,2,0
14,15,50,Male,East,3,194.50886388737655,Home,2,1
15,16,43,Male,East,3,15.405842225316107,Books,3,1
16,17,37,Male,North,5,227.91506849693394,Clothing,4,0
17,18,32,Female,East,8,198.27975353674248,Home,2,0
18,19,54,Female,West,4,386.3917183394374,Clothing,4,0
19,20,50,Male,West,9,445.09607991639126,Home,2,0
20,21,34,Female,West,1,99.42662052485251,Clothing,2,0
21,22,22,Female,South,9,214.88202496902153,Beauty,4,0
22,23,21,Female,North,1,453.8838665596915,Home,1,1
23,24,20,Male,North,6,391.96967821276445,Home,1,0
24,25,38,Female,North,4,33.44969430781144,Electronics,4,0
25,26,57,Female,North,4,326.70542250655,Home,4,1
26,27,20,Female,West,3,13.080682936733773,Books,4,0
27,28,38,Male,East,1,260.74230037749203,Electronics,1,0
28,29,25,Female,West,4,362.9465538314971,Books,3,1
29,30,59,Female,North,1,259.54071045463934,Beauty,1,0
30,31,53,Female,South,2,299.88707959411846,Clothing,4,0
31,32,46,Male,South,7,433.4989297323278,Clothing,3,1
32,33,56,Male,West,3,129.1922658857551,Books,2,0
33,34,51,Male,South,2,277.5537603061856,Clothing,3,1
34,35,39,Female,South,9,35.33075493035712,Beauty,2,0
35,36,48,Male,West,5,144.15339325330993,Home,1,0
36,37,45,Male,South,5,424.7885850098771,Books,3,0
37,38,52,Female,North,4,343.2427389234999,Home,1,0
38,39,51,Male,East,4,165.75270225378125,Beauty,4,0
39,40,30,Male,South,9,34.92818011654906,Electronics,4,0
40,41,58,Male,East,3,91.3110598559736,Clothing,3,1
41,42,21,Female,South,3,100.19174429273616,Home,3,0
42,43,60,Female,South,5,222.67940326390664,Electronics,2,1
43,44,23,Female,South,9,139.12567439255616,Clothing,4,0
44,45,18,Male,East,6,271.3818260924436,Clothing,4,1
45,46,29,Female,North,3,73.03761722003495,Beauty,3,0
46,47,52,Male,South,7,92.23823080313055,Clothing,3,0
47,48,28,Female,North,3,457.37189297734534,Home,1,0
48,49,40,Female,South,4,176.8842760603386,Books,3,1
49,50,31,Male,West,8,191.30271243375273,Electronics,2,1
50,51,36,Female,North,7,383.55969674405594,Clothing,2,0
51,52,54,Female,North,7,444.26576146295577,Books,4,0
52,53,33,Female,South,3,359.35874479929674,Clothing,2,0
53,54,61,Male,North,8,177.78119833470905,Home,4,0
54,55,45,Female,East,6,325.4287066180092,Electronics,4,0
55,56,62,Male,North,8,32.43619806312751,Beauty,3,0
56,57,48,Female,West,4,123.86848395454001,Beauty,4,1
57,58,24,Female,East,7,493.5106639727919,Home,3,0
58,59,63,Female,North,3,218.76843192465026,Electronics,1,1
59,60,44,Female,East,5,128.0933335527447,Clothing,2,0
60,61,34,Male,South,4,396.0905040223943,Clothing,3,0
61,62,24,Male,East,3,283.4344885336052,Beauty,2,1
62,63,32,Female,West,7,413.1742129701916,Books,1,0
63,64,57,Male,East,2,491.22432633519804,Home,1,0
64,65,29,Male,West,8,120.45544670115768,Books,4,0
65,66,25,Female,North,7,182.12947656099914,Electronics,2,0
66,67,19,Male,North,7,275.1834249868104,Books,1,1
67,68,61,Female,South,5,290.0607239943081,Clothing,4,0
68,69,55,Male,West,9,341.93643437447247,Clothing,2,0
69,70,43,Male,East,1,394.2876279037767,Home,3,0
70,71,38,Female,North,8,456.0097882150307,Beauty,2,0
71,72,30,Male,North,7,263.9698135014778,Electronics,1,1
72,73,36,Male,West,2,130.66488738634405,Books,4,1
73,74,35,Male,East,6,357.7207745888922,Home,4,0
74,75,19,Female,East,2,132.79465048255514,Electronics,2,0
75,76,62,Female,South,9,253.47277517272548,Beauty,4,1
76,77,59,Male,North,9,277.7166573439742,Beauty,3,0
77,78,45,Female,East,4,308.70686530649806,Clothing,1,1
78,79,40,Male,West,9,369.40025459164065,Home,2,1
79,80,21,Female,South,3,228.52084972041274,Beauty,4,0
80,81,21,Male,East,2,394.15966455648964,Electronics,1,1
81,82,29,Male,West,3,226.03635861501743,Beauty,2,0
82,83,39,Female,West,3,189.56210749175898,Clothing,2,0
83,84,43,Male,East,1,162.75795368176097,Electronics,3,0
84,85,57,Male,South,6,51.389578759657866,Books,2,0
85,86,59,Male,East,9,360.35494535779753,Beauty,3,1
86,87,52,Female,West,7,77.2386571059674,Clothing,2,0
87,88,21,Female,North,8,29.106846470203866,Books,3,0
88,89,29,Male,South,6,123.85845339945936,Beauty,3,0
89,90,21,Male,South,6,118.26870368556054,Beauty,3,0
90,91,48,Female,East,5,348.3347101368531,Beauty,2,1
91,92,24,Male,South,9,408.5427377912002,Home,2,0
92,93,27,Male,East,3,91.857628517482,Home,4,0
93,94,41,Female,South,9,243.6768984299897,Clothing,4,0
94,95,32,Male,South,5,303.34350078855636,Home,4,0
95,96,56,Male,East,3,369.503731135972,Beauty,4,0
96,97,37,Female,East,8,112.62489704745536,Beauty,4,1
97,98,24,Male,South,9,78.93614809466982,Home,3,0
98,99,30,Male,East,9,233.09492309783207,Beauty,4,0
99,100,45,Male,North,7,475.3007298260003,Electronics,3,0
100,101,56,Male,East,7,483.55498545169877,Beauty,2,0
101,102,35,Male,East,6,115.05934661799444,Clothing,4,1
102,103,64,Male,North,2,231.52488081975505,Clothing,2,0
103,104,28,Female,East,9,178.64753276021008,Home,3,0
104,105,53,Male,North,4,16.88111129941548,Electronics,4,0
105,106,53,Female,East,3,244.62198451400465,Books,2,0
106,107,19,Male,South,4,176.01789975442742,Beauty,4,0
107,108,63,Female,West,9,336.3783444584258,Books,4,1
108,109,34,Male,West,9,341.8010907649964,Beauty,4,1
109,110,23,Female,North,1,270.19765411305343,Home,2,0
110,111,58,Male,West,5,41.23833205442579,Books,3,0
111,112,63,Male,West,4,420.51603307032286,Electronics,3,0
112,113,40,Female,East,8,480.8569390864794,Home,2,1
113,114,64,Female,West,4,396.51476136426373,Books,4,0
114,115,33,Female,North,3,383.36178808696354,Books,3,0
115,116,58,Male,South,6,434.8437888472709,Books,3,0
116,117,43,Female,West,3,360.55433834963566,Home,4,1
117,118,63,Male,North,5,200.20762631148244,Clothing,1,0
118,119,18,Male,South,9,196.98895877566463,Home,4,0
119,120,53,Male,East,7,111.90657326937468,Beauty,3,0
120,121,47,Female,South,9,249.17545364136984,Electronics,3,0
121,122,19,Female,North,4,437.27800361813155,Home,1,0
122,123,37,Male,West,9,61.61603416926496,Beauty,3,1
123,124,22,Female,East,3,60.7387869236058,Books,1,0
124,125,48,Female,East,1,206.00407826278993,Books,3,0
125,126,25,Female,East,9,170.77497716586527,Electronics,3,0
126,127,47,Female,West,3,36.81263168442443,Beauty,3,1
127,128,56,Male,South,3,103.73585085725826,Beauty,2,0
128,129,19,Male,East,3,460.4452382380886,Electronics,1,0
129,130,30,Female,South,6,488.84075908121906,Clothing,1,1
130,131,21,Female,South,2,281.45395105636953,Home,3,0
131,132,62,Male,South,2,211.77778637386996,Books,3,0
132,133,25,Female,East,6,39.65924796088613,Home,2,0
133,134,56,Female,North,9,429.98489947935656,Electronics,3,1
134,135,42,Female,East,4,295.8282768908719,Home,1,0
135,136,24,Male,East,2,33.56907208514964,Electronics,3,0
136,137,31,Female,East,7,375.86800822046877,Electronics,4,0
137,138,46,Female,East,7,27.84179225448455,Books,2,0
138,139,62,Female,West,2,291.3520668425708,Electronics,3,1
139,140,38,Male,South,2,449.3592694752354,Home,4,1
140,141,54,Male,North,5,212.1481859084101,Electronics,3,0
141,142,50,Male,East,4,191.85897462313133,Home,1,0
142,143,58,Male,East,6,403.14048708911054,Books,1,0
143,144,42,Male,South,6,446.16404235851525,Clothing,4,0
144,145,63,Male,South,9,12.420280450933703,Books,1,0
145,146,31,Female,South,9,201.94356972530485,Electronics,3,0
146,147,26,Female,North,5,492.1887437460886,Clothing,2,0
147,148,32,Male,South,1,174.7422156816041,Clothing,2,0
148,149,24,Male,North,8,338.0746906101583,Books,4,1
149,150,19,Male,East,2,278.77875694832704,Home,4,0
150,151,48,Female,South,7,392.3881886410213,Beauty,2,0
151,152,24,Male,East,3,87.88040018775158,Beauty,1,1
152,153,58,Male,West,5,475.08016895128446,Beauty,1,0
153,154,28,Male,West,3,299.89042856020467,Clothing,1,1
154,155,30,Male,East,7,389.72510729872084,Books,2,0
155,156,30,Male,East,5,333.6459026415825,Books,1,0
156,157,43,Male,West,6,169.44343437355585,Clothing,4,0
157,158,60,Female,East,7,31.079920415979096,Clothing,3,0
158,159,25,Female,West,6,235.5266423790736,Electronics,2,1
159,160,31,Female,South,8,464.16453037265376,Home,2,0
160,161,62,Female,North,1,99.63368407698177,Home,2,1
161,162,19,Female,South,4,406.77332606922886,Home,2,1
162,163,59,Male,South,7,472.21192100905415,Books,2,0
163,164,32,Female,South,5,29.259667306775874,Beauty,2,0
164,165,41,Male,East,9,296.50569260712155,Beauty,2,1
165,166,51,Male,South,9,179.98411722622566,Beauty,2,0
166,167,21,Male,East,8,291.363962116888,Books,2,1
167,168,35,Male,East,7,360.56755705825606,Beauty,2,0
168,169,42,Male,North,2,15.738134945747781,Beauty,1,1
169,170,64,Male,East,7,18.388378002418168,Beauty,2,0
170,171,41,Male,East,4,249.13728322978895,Beauty,4,0
171,172,23,Female,West,9,84.07321969635132,Electronics,3,0
172,173,51,Female,West,3,386.4167834944286,Electronics,3,0
173,174,55,Male,West,3,273.177285946967,Books,3,0
174,175,20,Female,North,7,379.2684897342242,Books,1,1
175,176,36,Male,West,5,402.565330163997,Home,1,0
176,177,64,Female,East,1,78.03944844608132,Electronics,2,1
177,178,63,Male,South,2,20.703153900755773,Beauty,3,0
178,179,53,Female,East,6,312.4051062864227,Books,2,0
179,180,36,Female,South,9,407.1803129307979,Books,1,0
180,181,45,Female,West,4,270.4240414944496,Books,2,0
181,182,64,Male,East,8,465.9274728376384,Books,2,1
182,183,27,Male,East,7,415.74966325865955,Electronics,2,0
183,184,35,Female,South,7,168.70012192290991,Beauty,1,0
184,185,21,Female,North,2,159.62415272976455,Books,3,0
185,186,29,Female,East,9,321.53901400402697,Electronics,4,1
186,187,44,Female,East,9,43.16118014414839,Home,2,1
187,188,46,Female,North,7,163.6151478979181,Home,1,0
188,189,29,Male,North,6,317.95745870667565,Beauty,1,0
189,190,28,Male,North,9,314.3039209044566,Clothing,3,0
190,191,21,Male,West,6,200.3379345968447,Books,1,0
191,192,63,Female,East,1,497.3279384068389,Home,1,1
192,193,41,Male,West,3,474.8796776994535,Electronics,2,0
193,194,43,Female,South,2,73.62357805475874,Electronics,3,1
194,195,45,Female,East,3,305.03908437356563,Electronics,4,0
195,196,64,Female,West,9,261.42855306519573,Electronics,1,0
196,197,21,Male,South,5,320.8656344476961,Clothing,3,0
197,198,53,Female,North,8,102.70376997743013,Beauty,1,1
198,199,32,Female,East,1,48.456581764007616,Clothing,2,0
199,200,39,Female,West,9,457.00424101030126,Books,3,0
200,201,41,Female,East,9,384.0479551055108,Books,1,1
201,202,41,Female,East,4,470.7506971490679,Home,4,0
202,203,54,Female,East,8,55.83590624169483,Electronics,1,0
203,204,22,Female,North,9,302.9475554347818,Electronics,4,0
204,205,23,Male,West,7,292.4353091684717,Clothing,4,0
205,206,27,Female,West,4,127.32548263451059,Beauty,1,0
206,207,20,Female,North,9,321.7966926261431,Clothing,4,0
207,208,55,Female,North,8,111.18249502681041,Home,4,0
208,209,51,Male,West,1,375.14046193501474,Electronics,4,0
209,210,23,Female,East,6,60.90101030256566,Home,4,0
210,211,27,Female,East,9,395.2402468330355,Clothing,2,0
211,212,33,Male,West,5,33.86223753278072,Electronics,2,1
212,213,46,Male,South,2,191.32296895700185,Books,4,1
213,214,20,Female,South,5,49.60019255397162,Beauty,1,0
214,215,28,Male,South,6,490.5621334784669,Beauty,1,0
215,216,54,Male,East,5,141.37459033548626,Books,1,1
216,217,21,Female,East,1,241.78342507783222,Clothing,1,0
217,218,21,Male,South,7,65.46717617266165,Clothing,4,0
218,219,41,Male,South,5,232.6470415785688,Books,1,0
219,220,45,Male,South,3,325.0317529580735,Electronics,2,0
220,221,52,Male,North,9,311.2368099181296,Beauty,2,0
221,222,55,Female,South,4,241.2926640385368,Home,1,1
222,223,41,Female,East,8,366.9601602295285,Clothing,3,0
223,224,39,Female,East,3,226.57233283970643,Beauty,4,1
224,225,43,Female,South,5,175.05987418604172,Books,1,0
225,226,35,Female,East,6,449.92434877611163,Clothing,2,0
226,227,20,Male,East,2,241.2961609246337,Electronics,1,1
227,228,63,Female,East,4,24.554872442995006,Books,4,0
228,229,28,Male,South,6,263.8033601414886,Clothing,1,1
229,230,26,Female,East,6,44.555976513494436,Electronics,1,0
230,231,50,Female,North,2,458.50198717872064,Clothing,1,0
231,232,43,Female,South,8,170.13945282224645,Electronics,1,0
232,233,53,Female,West,5,105.65817080924728,Books,1,0
233,234,21,Female,South,4,163.40063372630095,Clothing,3,0
234,235,19,Male,East,4,476.13801681805404,Home,1,0
235,236,25,Male,South,5,188.58724144945705,Beauty,3,0
236,237,24,Female,East,6,73.71958627910611,Books,2,0
237,238,53,Female,North,9,189.40335624607422,Home,3,0
238,239,51,Female,North,3,32.162925124572006,Electronics,4,0
239,240,57,Female,East,4,339.2376602135756,Electronics,1,0
240,241,36,Male,West,1,180.378199254749,Beauty,3,0
241,242,46,Male,East,5,144.99056066104174,Electronics,1,0
242,243,56,Female,West,9,106.93345449814768,Clothing,3,0
243,244,23,Female,East,1,148.86454862343848,Clothing,1,0
244,245,27,Male,West,9,149.8349113938531,Home,4,1
245,246,58,Male,North,1,256.87386640819045,Electronics,1,0
246,247,59,Female,West,3,46.161696022744465,Clothing,4,0
247,248,22,Male,East,2,90.8965357795897,Clothing,2,0
248,249,41,Female,North,7,355.2275858546708,Clothing,1,0
249,250,58,Female,South,8,348.2963262868599,Clothing,4,0
250,251,39,Male,East,8,228.10015417782296,Electronics,2,0
251,252,43,Female,West,7,283.1131156190344,Clothing,1,0
252,253,54,Female,West,8,471.7249631002669,Books,2,1
253,254,62,Female,North,8,98.78250515442157,Electronics,4,0
254,255,46,Female,West,9,381.82296146171905,Electronics,1,0
255,256,53,Female,North,8,358.98311394511865,Clothing,2,0
256,257,37,Female,West,1,61.478078653715656,Home,1,0
257,258,35,Female,South,2,403.24494199022763,Clothing,1,0
258,259,57,Female,North,5,344.2414216425135,Clothing,1,0
259,260,62,Male,East,1,410.911683191417,Electronics,1,1
260,261,58,Male,West,4,36.22235480299,Home,4,0
261,262,32,Female,East,4,290.44756386324923,Electronics,2,0
262,263,32,Male,West,4,217.3331421205255,Home,2,0
263,264,41,Female,North,6,442.28522280557087,Home,4,0
264,265,46,Male,North,6,296.49222147924394,Clothing,4,0
265,266,34,Male,North,5,214.78083624948238,Beauty,4,0
266,267,64,Male,South,7,495.82723942752284,Beauty,1,1
267,268,42,Female,East,4,155.58897843407829,Home,3,0
268,269,33,Female,West,3,425.1278039412011,Clothing,4,1
269,270,34,Male,North,2,385.26521443399145,Home,4,0
270,271,64,Male,East,5,163.82637083621927,Electronics,3,0
271,272,64,Female,South,1,322.37861192365244,Beauty,1,0
272,273,38,Male,West,7,480.99280073717745,Beauty,2,1
273,274,61,Male,South,9,230.53842337776422,Clothing,4,0
274,275,44,Female,East,2,456.2177850971071,Clothing,3,0
275,276,22,Male,South,3,97.89520122172534,Electronics,2,0
276,277,39,Female,West,2,121.87919730078723,Electronics,4,0
277,278,50,Male,West,5,334.4467766908479,Books,4,0
278,279,57,Female,East,2,397.7560638453639,Clothing,1,0
279,280,19,Female,East,5,86.01230239535042,Electronics,3,1
280,281,52,Female,North,7,499.83899527341987,Home,2,0
281,282,60,Male,North,7,276.6368866459365,Clothing,3,0
282,283,36,Male,East,1,370.3534705439849,Clothing,4,0
283,284,57,Male,North,2,390.12541464237717,Electronics,1,1
284,285,44,Male,East,3,497.2147803176445,Electronics,4,0
285,286,57,Female,South,9,164.80991607930508,Books,1,0
286,287,53,Male,West,8,165.64576386411133,Clothing,1,0
287,288,56,Male,West,1,46.26114874061584,Home,4,0
288,289,19,Male,North,5,426.98029483330555,Clothing,2,0
289,290,58,Male,East,4,165.09484459328837,Clothing,4,0
290,291,35,Male,North,6,56.06882242055518,Home,2,0
291,292,63,Female,West,5,101.29681396980287,Clothing,3,0
292,293,40,Male,North,8,139.39685484686115,Books,4,0
293,294,43,Female,East,5,257.6311893921826,Home,1,0
294,295,28,Male,West,1,373.41826078453715,Clothing,2,0
295,296,18,Male,East,8,167.7344986932964,Electronics,3,0
296,297,53,Female,West,4,233.00286923474297,Books,3,0
297,298,37,Female,East,9,332.9324240642305,Electronics,4,0
298,299,48,Female,West,6,209.51725272393307,Books,4,0
299,300,25,Female,North,3,441.0775932243869,Home,3,1
300,301,57,Male,West,4,455.3090220930409,Home,1,0
301,302,41,Male,North,4,82.31544658637848,Home,1,0
302,303,37,Male,East,5,407.21553332320616,Home,2,1
303,304,32,Female,West,8,355.45379313690756,Beauty,3,0
304,305,47,Female,East,2,238.6698795515078,Home,3,0
305,306,37,Male,South,9,197.0164920777647,Home,1,0
306,307,55,Female,West,2,55.73638852828368,Electronics,4,0
307,308,19,Male,North,7,143.02731332102235,Home,1,1
308,309,23,Female,South,1,448.6791469149617,Home,2,0
309,310,59,Female,North,1,309.97765668848086,Books,1,0
310,311,35,Male,North,1,439.13349012128435,Electronics,3,0
311,312,53,Male,North,8,106.2271676926242,Beauty,4,1
312,313,31,Female,East,4,152.23913987436774,Beauty,4,0
313,314,43,Female,East,5,206.36893669492096,Electronics,3,0
314,315,51,Male,East,5,458.1907535683891,Electronics,1,0
315,316,47,Female,East,9,243.12002587360712,Clothing,1,1
316,317,24,Female,East,4,190.87514341038735,Electronics,2,1
317,318,47,Male,North,7,496.3283608858584,Books,4,0
318,319,35,Male,South,2,261.5825093092733,Beauty,4,0
319,320,39,Male,South,2,392.3752551197645,Books,2,1
320,321,34,Male,South,7,61.50282265209679,Home,1,0
321,322,48,Female,South,5,210.57071417665162,Electronics,3,1
322,323,34,Female,East,9,155.2795470133881,Electronics,3,0
323,324,48,Male,West,4,164.55396590998305,Clothing,4,0
324,325,30,Male,South,4,83.15236529222818,Electronics,4,0
325,326,44,Male,West,4,290.6001331265855,Books,2,0
326,327,37,Female,West,7,476.1969833811311,Home,3,0
327,328,34,Male,West,7,191.66652884925372,Books,1,0
328,329,46,Male,West,5,375.9023281834457,Books,3,1
329,330,56,Female,South,7,108.66475662762903,Clothing,1,0
330,331,52,Male,South,8,289.91803645286683,Clothing,3,0
331,332,25,Female,North,9,326.99891452114537,Books,3,0
332,333,60,Female,West,1,385.3593646547884,Clothing,2,0
333,334,55,Male,South,8,337.552676167978,Home,3,1
334,335,32,Female,North,2,150.12842919396158,Home,1,0
335,336,18,Female,North,6,215.94810049107397,Beauty,2,0
336,337,50,Male,North,8,176.40483488885133,Books,2,0
337,338,20,Male,South,8,302.1703812837082,Clothing,3,0
338,339,56,Male,East,8,28.691620360425325,Beauty,2,0
339,340,55,Male,West,1,184.79047991817347,Home,1,1
340,341,32,Male,West,2,297.3909706437225,Beauty,1,1
341,342,59,Male,South,5,131.64353008976002,Beauty,4,0
342,343,35,Female,West,2,479.21471734652533,Clothing,1,0
343,344,55,Female,West,2,289.6470470718203,Clothing,4,0
344,345,48,Female,East,9,172.69518622329502,Home,3,0
345,346,37,Male,South,7,283.1450764361024,Electronics,1,0
346,347,24,Male,South,7,165.7658721559709,Beauty,4,0
347,348,54,Male,East,8,464.6247091265009,Home,2,0
348,349,44,Male,North,7,319.70918487273514,Home,3,1
349,350,25,Male,North,2,79.7839625581002,Home,1,1
350,351,31,Female,North,3,274.40177892701934,Beauty,4,0
351,352,32,Male,East,7,142.78658097917724,Home,4,1
352,353,24,Female,West,6,208.7690198839453,Books,4,1
353,354,50,Male,West,2,177.64716397838194,Clothing,4,0
354,355,51,Male,South,1,40.251002224259786,Clothing,3,0
355,356,21,Male,South,2,378.32383278790064,Clothing,2,1
356,357,18,Female,East,3,73.22836704497965,Books,4,0
357,358,58,Female,West,1,223.43905187574728,Beauty,2,0
358,359,31,Male,North,3,154.40120433426569,Clothing,3,0
359,360,48,Female,South,1,379.9746831507181,Beauty,1,0
360,361,55,Male,East,1,178.7857569840987,Clothing,4,1
361,362,37,Female,West,5,481.94243334100344,Beauty,4,0
362,363,20,Male,East,1,490.1341558822498,Beauty,2,1
363,364,52,Male,South,7,276.0375732045951,Beauty,3,0
364,365,63,Male,East,7,345.34403805327014,Home,2,1
365,366,50,Male,West,1,314.00081523148225,Clothing,1,0
366,367,32,Female,East,9,341.991323191888,Electronics,3,1
367,368,20,Female,North,9,468.0361263765833,Books,1,0
368,369,45,Female,East,2,197.5999307405939,Home,4,0
369,370,44,Male,West,1,257.1888543116517,Beauty,4,0
370,371,64,Male,North,2,61.008675521552675,Clothing,4,0
371,372,64,Male,West,5,164.98867210857736,Electronics,3,0
372,373,50,Male,East,1,88.44072615388141,Books,1,0
373,374,36,Female,North,8,474.5916322379451,Beauty,3,1
374,375,50,Female,South,1,484.6995676774144,Beauty,3,0
375,376,48,Female,South,5,28.9538297940912,Books,4,0
376,377,21,Female,North,7,353.9988188639377,Books,4,0
377,378,49,Male,West,1,183.24034529042623,Electronics,3,0
378,379,59,Male,South,3,338.89824745959714,Electronics,3,0
379,380,45,Female,East,4,132.62344370004007,Beauty,3,0
380,381,33,Female,North,5,80.69121884437823,Clothing,2,0
381,382,60,Male,West,1,93.94920167577459,Books,4,0
382,383,45,Male,West,9,103.05671500455355,Beauty,1,0
383,384,32,Male,North,9,384.8246225425781,Beauty,4,0
384,385,39,Male,West,9,342.91689791582365,Books,4,0
385,386,48,Female,South,2,179.68571637572293,Books,3,0
386,387,38,Male,North,1,295.3247697232881,Books,3,0
387,388,49,Male,South,6,416.71794695551193,Clothing,3,0
388,389,24,Male,West,2,241.15997324188766,Home,2,0
389,390,50,Female,North,5,444.6843832283531,Electronics,2,0
390,391,25,Female,South,9,174.901396513937,Books,4,0
391,392,31,Female,South,2,474.19028953233106,Clothing,4,0
392,393,42,Female,West,2,121.61739369770942,Electronics,4,0
393,394,49,Male,East,8,111.4623892658258,Books,3,0
394,395,45,Male,West,5,455.35972885161414,Home,2,0
395,396,19,Female,East,1,239.29142912289655,Electronics,1,0
396,397,34,Female,North,1,459.02795604931845,Home,4,0
397,398,44,Female,South,2,73.5688695053851,Home,4,0
398,399,19,Male,East,9,369.03330872832,Clothing,4,0
399,400,25,Male,North,6,81.05875785708218,Home,2,1
400,401,55,Male,South,4,136.59062458656797,Electronics,3,0
401,402,37,Male,East,3,357.34345012376446,Home,2,0
402,403,54,Male,South,7,299.17688547284183,Home,4,0
403,404,38,Male,East,3,102.86354984300782,Books,2,0
404,405,43,Male,South,8,377.8421679659737,Clothing,3,0
405,406,48,Female,North,9,13.777767061777109,Beauty,1,0
406,407,37,Female,East,6,106.244111425858,Electronics,3,0
407,408,23,Male,South,3,428.93203150312104,Clothing,3,0
408,409,32,Female,East,4,423.78301465786615,Electronics,3,1
409,410,18,Female,East,7,219.07212077126945,Books,3,0
410,411,43,Female,West,4,27.2820633512414,Clothing,2,0
411,412,46,Female,South,6,431.93570110960894,Books,1,0
412,413,19,Female,North,9,14.09527744109932,Beauty,2,0
413,414,39,Female,East,7,243.59718784039399,Clothing,3,1
414,415,46,Male,South,8,365.1272645756148,Clothing,2,0
415,416,26,Female,North,5,173.9380887429456,Books,4,0
416,417,58,Female,West,1,460.25096978962273,Electronics,3,0
417,418,38,Male,West,2,232.66885159272468,Books,1,0
418,419,49,Male,South,1,132.37466133014692,Electronics,3,0
419,420,49,Male,South,8,312.9548538811082,Books,2,0
420,421,64,Male,East,2,90.2851316067195,Beauty,4,0
421,422,61,Female,South,9,439.1803390322252,Home,1,0
422,423,57,Male,West,4,278.9819928728753,Books,3,0
423,424,43,Male,South,4,428.35442478972124,Clothing,2,1
424,425,30,Female,North,4,368.6767278845402,Books,2,0
425,426,20,Male,West,3,313.6271131527497,Home,2,1
426,427,49,Female,East,5,19.940791205268244,Home,1,0
427,428,50,Male,South,4,495.8231958141307,Beauty,1,0
428,429,50,Female,East,5,201.00959028843047,Electronics,1,1
429,430,59,Male,North,4,237.11490723875107,Books,4,0
430,431,59,Female,West,8,222.48312569854346,Electronics,2,0
431,432,30,Male,West,3,70.33436892263725,Beauty,1,0
432,433,60,Female,North,2,81.03309627101011,Electronics,1,0
433,434,23,Male,South,7,331.4092397217437,Home,3,0
434,435,21,Female,East,3,168.4646371914195,Books,3,0
435,436,55,Male,South,2,195.65412322192165,Books,4,1
436,437,23,Female,East,8,62.96811101722879,Books,1,0
437,438,20,Male,East,3,40.361188832872514,Books,4,0
438,439,44,Female,West,8,243.000481001654,Clothing,3,0
439,440,57,Male,West,5,264.9670680293618,Books,1,0
440,441,37,Male,West,1,109.14901954570409,Home,1,0
441,442,35,Female,West,1,332.790591726836,Clothing,2,0
442,443,37,Female,West,4,455.06663003712134,Books,1,1
443,444,47,Male,West,8,268.7624627159956,Electronics,1,1
444,445,27,Male,North,4,267.05191859285765,Beauty,4,0
445,446,40,Female,South,5,10.883935123358327,Electronics,1,0
446,447,64,Female,East,3,233.3561693947831,Clothing,3,0
447,448,20,Female,North,9,469.27416235567034,Books,1,0
448,449,26,Female,North,8,23.14796816108929,Electronics,1,0
449,450,36,Female,West,3,138.45045561553215,Home,2,0
450,451,53,Male,East,3,146.21049305762824,Home,3,1
451,452,57,Male,South,6,410.51941569914453,Home,1,0
452,453,44,Female,South,7,180.92665902006127,Home,1,1
453,454,59,Male,South,5,120.54565618767352,Home,2,0
454,455,45,Male,South,1,48.173716473900384,Electronics,3,0
455,456,60,Male,North,6,15.510367951490073,Home,4,0
456,457,25,Male,South,9,254.39982714194431,Home,3,1
457,458,59,Male,West,1,388.86208125429795,Home,1,0
458,459,25,Female,South,6,449.98973427187786,Clothing,4,0
459,460,35,Male,East,4,207.3673145599259,Books,4,0
460,461,38,Female,East,4,157.5174168988932,Electronics,4,0
461,462,63,Male,East,9,96.9502818016878,Clothing,3,1
462,463,30,Female,West,3,121.74503391635129,Electronics,2,1
463,464,44,Male,East,7,61.46804114898753,Electronics,3,1
464,465,64,Male,West,7,413.63384149359035,Clothing,2,0
465,466,57,Female,West,9,439.64433510306094,Books,4,0
466,467,33,Male,West,9,407.1324647485286,Books,4,0
467,468,57,Female,North,8,343.1570662913395,Beauty,1,1
468,469,26,Male,South,9,262.27818732433974,Beauty,2,0
469,470,44,Male,South,1,75.1028520222929,Home,3,0
470,471,34,Male,North,8,335.66705380394967,Books,4,0
471,472,20,Female,West,3,490.0028904129738,Home,4,0
472,473,21,Female,North,4,107.54105777618214,Electronics,4,0
473,474,57,Female,North,7,336.4886707850802,Home,4,0
474,475,18,Male,West,3,407.96396582823417,Books,2,0
475,476,31,Male,North,5,482.215854783037,Electronics,3,0
476,477,25,Male,South,2,306.2616315080676,Clothing,3,0
477,478,24,Female,North,4,304.15311411401257,Beauty,4,0
478,479,47,Female,South,2,337.5539555161788,Electronics,1,0
479,480,42,Female,East,4,169.37786774706117,Clothing,1,0
480,481,56,Female,East,3,246.86638139243846,Home,4,0
481,482,33,Male,North,9,83.7366005171176,Clothing,4,1
482,483,28,Male,South,8,105.67649609140693,Home,3,0
483,484,42,Female,East,9,157.63533762287042,Home,4,0
484,485,50,Female,East,2,160.5722763809637,Electronics,4,0
485,486,38,Female,North,9,409.77919461614414,Beauty,4,0
486,487,27,Female,South,1,29.70347013133822,Books,4,0
487,488,26,Male,North,9,226.39968075589448,Home,2,0
488,489,18,Male,South,5,270.1578297002584,Home,4,0
489,490,51,Female,West,9,361.42317228665047,Home,3,0
490,491,48,Male,South,9,29.60880650029999,Home,1,0
491,492,38,Male,South,4,346.5970726140779,Home,4,0
492,493,41,Male,South,8,390.52634490304973,Electronics,2,0
493,494,36,Male,North,6,256.02115114138934,Home,4,0
494,495,38,Male,East,6,247.50666550669794,Books,2,0
495,496,42,Female,South,9,335.48777695637045,Clothing,3,0
496,497,37,Female,South,2,415.63859030019324,Home,2,0
497,498,43,Male,South,3,431.6110075074993,Books,3,0
498,499,24,Female,West,3,389.8243673425012,Beauty,3,1
499,500,20,Male,North,7,350.84850492001607,Books,3,0
500,501,57,Female,South,5,63.43694068741459,Beauty,2,0
501,502,25,Female,West,1,57.41730972998715,Clothing,1,0
502,503,47,Female,East,8,328.6738001558089,Home,1,0
503,504,28,Female,West,5,299.73563224693135,Electronics,2,1
504,505,25,Female,West,4,359.43807102295125,Beauty,2,0
505,506,54,Male,West,4,329.5147154754147,Clothing,4,1
506,507,34,Male,South,2,401.99752316996114,Clothing,2,0
507,508,25,Female,East,1,293.4501447421537,Books,2,0
508,509,64,Female,East,6,494.787051652099,Electronics,1,0
509,510,61,Male,West,3,53.058593543538045,Clothing,1,0
510,511,47,Female,North,9,359.11352002149863,Clothing,4,0
511,512,60,Male,West,4,65.80320362405449,Beauty,3,0
512,513,60,Male,East,2,388.21379727649935,Beauty,2,1
513,514,33,Male,South,4,199.24274203855194,Clothing,3,1
514,515,21,Male,East,4,486.5200906361421,Books,1,1
515,516,38,Male,South,1,394.8518550236818,Home,1,0
516,517,51,Female,East,8,389.45346107518617,Beauty,1,0
517,518,57,Male,South,4,310.6046386826974,Electronics,1,0
518,519,52,Male,North,4,430.6809691911719,Beauty,4,1
519,520,30,Female,South,7,195.98997545469456,Books,1,0
520,521,60,Female,West,2,404.28560681076794,Clothing,4,0
521,522,44,Male,North,6,287.9879223743666,Clothing,3,0
522,523,25,Male,South,6,472.23276774404803,Beauty,1,0
523,524,58,Female,West,7,442.8587743825941,Electronics,4,0
524,525,59,Female,East,2,139.18491811512365,Clothing,3,0
525,526,46,Female,South,7,58.780722742774785,Books,3,0
526,527,33,Female,West,2,382.65760569946076,Home,1,0
527,528,60,Male,East,2,212.2854106195136,Home,3,0
528,529,63,Male,South,1,136.02766914064068,Electronics,2,0
529,530,22,Female,South,9,155.41535565245363,Electronics,3,0
530,531,54,Male,South,9,133.36848598512717,Electronics,4,0
531,532,57,Male,West,5,313.09210588144305,Books,2,1
532,533,57,Female,North,7,238.44381354726679,Home,2,0
533,534,59,Male,East,7,24.708042602524756,Beauty,3,1
534,535,27,Male,North,3,442.3377288156523,Home,2,0
535,536,32,Female,North,2,79.0248104178917,Home,3,0
536,537,38,Female,North,4,21.69745674309269,Electronics,4,0
537,538,51,Male,North,8,123.30604070198598,Home,1,0
538,539,39,Female,South,1,357.2837006513435,Electronics,2,0
539,540,39,Male,West,8,125.16702860961425,Beauty,3,0
540,541,26,Male,South,2,367.3733956605915,Electronics,3,0
541,542,43,Male,West,8,342.21105851383726,Beauty,2,0
542,543,30,Female,West,2,97.50640047494745,Books,2,0
543,544,35,Male,North,7,41.38019365004804,Clothing,1,0
544,545,18,Male,North,3,283.5580373651804,Electronics,4,0
545,546,40,Male,North,6,57.283133584221076,Beauty,2,1
546,547,50,Female,West,7,33.45746608922961,Beauty,3,0
547,548,64,Male,East,6,41.10591190595247,Beauty,3,0
548,549,48,Male,East,5,387.697682998048,Beauty,1,0
549,550,38,Male,South,9,352.1942781552438,Books,2,0
550,551,40,Male,East,9,224.43795372336322,Home,3,0
551,552,33,Female,North,3,475.0861718797702,Electronics,4,0
552,553,44,Male,West,7,305.67692729350404,Home,3,1
553,554,54,Female,East,2,280.40765579535105,Clothing,3,0
554,555,55,Male,West,1,296.3580866764284,Home,4,0
555,556,31,Male,North,4,419.5925972554884,Electronics,2,0
556,557,54,Female,East,3,269.5792137270533,Beauty,4,0
557,558,64,Male,East,4,55.25039937925132,Clothing,1,0
558,559,24,Female,West,3,477.98919434773325,Clothing,4,1
559,560,29,Male,East,9,254.7387512057112,Electronics,4,1
560,561,45,Female,South,4,477.844877895107,Books,2,1
561,562,20,Male,East,4,118.31550980168018,Home,1,0
562,563,39,Female,South,7,420.01109588063025,Clothing,3,0
563,564,38,Male,West,4,50.905826153414644,Home,1,0
564,565,46,Female,West,9,105.37836787599575,Beauty,1,0
565,566,37,Female,West,9,425.93642689884064,Clothing,4,1
566,567,20,Female,West,9,174.77642618530635,Books,3,1
567,568,44,Male,South,6,151.368822356852,Beauty,1,0
568,569,38,Female,East,9,89.60135037322038,Electronics,4,0
569,570,58,Male,North,3,344.7812348157636,Books,2,1
570,571,50,Male,North,2,167.16069140810652,Beauty,1,0
571,572,47,Female,North,2,52.439844575478524,Beauty,3,0
572,573,56,Male,West,7,98.17588761814835,Beauty,1,0
573,574,58,Male,East,5,273.72699006730113,Beauty,3,0
574,575,26,Male,South,4,132.56842012156102,Clothing,3,0
575,576,55,Female,East,2,221.6568716447392,Clothing,3,1
576,577,40,Male,South,4,475.48809236390133,Home,1,0
577,578,40,Male,North,6,55.05884289109077,Beauty,3,0
578,579,18,Female,East,6,145.23320963406667,Clothing,4,0
579,580,38,Female,West,8,327.71533647538,Beauty,4,0
580,581,49,Male,North,6,447.011774546063,Beauty,1,0
581,582,62,Female,East,5,324.7141317521516,Electronics,1,0
582,583,43,Female,North,7,241.69510450459364,Home,4,0
583,584,50,Male,East,3,101.6071152521264,Beauty,4,0
584,585,26,Male,West,4,185.86370373835854,Home,3,0
585,586,34,Male,South,6,470.49038492822257,Home,3,0
586,587,23,Female,South,9,127.585731651749,Home,3,1
587,588,63,Male,West,6,432.43951062682873,Home,4,0
588,589,24,Male,North,4,408.05979568883333,Clothing,4,0
589,590,24,Female,South,8,381.8592149388114,Home,3,1
590,591,54,Male,West,5,231.42048601408186,Electronics,1,1
591,592,22,Male,East,5,36.33225339634605,Clothing,2,0
592,593,50,Female,South,8,24.24009403049231,Beauty,2,0
593,594,27,Female,North,9,171.94391680890516,Home,4,0
594,595,34,Male,North,4,15.823479648139068,Electronics,1,0
595,596,57,Female,North,8,325.832561409933,Electronics,1,0
596,597,45,Male,East,8,48.96159600535755,Electronics,4,1
597,598,64,Female,North,3,442.3090350828856,Beauty,1,0
598,599,63,Male,North,4,485.6225448664177,Home,2,0
599,600,39,Female,West,2,466.89192643118656,Beauty,4,0
600,601,38,Female,South,5,366.5913374998483,Home,3,0
601,602,64,Female,South,6,192.40992388907563,Books,1,0
602,603,49,Female,West,6,142.16045951114407,Books,1,0
603,604,49,Male,West,2,15.21120448576605,Beauty,4,0
604,605,53,Male,North,4,428.3472452372288,Beauty,1,0
605,606,48,Male,East,2,465.638430769916,Home,1,0
606,607,23,Male,South,5,303.6131439186782,Clothing,1,0
607,608,38,Female,North,2,13.325999476377824,Home,2,0
608,609,52,Female,East,9,460.82919201923113,Beauty,1,0
609,610,31,Female,South,1,491.12074353913647,Home,4,0
610,611,40,Female,North,6,176.98171271410058,Home,1,0
611,612,59,Male,North,9,385.71941745934294,Books,4,0
612,613,41,Male,West,3,41.96350081058873,Home,3,0
613,614,47,Male,East,9,383.36865539000956,Clothing,1,0
614,615,27,Female,North,2,438.08542037763175,Clothing,3,0
615,616,22,Female,North,2,148.53889106970632,Home,2,0
616,617,59,Female,North,2,117.22339468631364,Electronics,4,0
617,618,47,Male,South,3,174.27813045298822,Clothing,4,0
618,619,24,Female,West,4,284.1726431057059,Clothing,4,0
619,620,23,Female,North,3,179.96992598764425,Clothing,4,0
620,621,25,Female,North,6,237.49290768508504,Home,2,0
621,622,43,Male,West,6,336.2548035633247,Books,4,0
622,623,35,Male,East,5,122.07848308499534,Clothing,1,1
623,624,53,Male,West,2,361.1534909963762,Beauty,3,0
624,625,43,Male,West,4,456.26582413833063,Home,4,0
625,626,53,Male,North,7,305.74500774599426,Beauty,1,0
626,627,58,Male,North,8,289.3590786143961,Clothing,3,0
627,628,21,Female,West,9,31.612610282648394,Beauty,4,0
628,629,30,Male,North,2,234.27799176873035,Clothing,4,1
629,630,41,Female,West,9,463.03540399094027,Electronics,3,0
630,631,48,Female,North,7,102.8040307090228,Home,1,1
631,632,39,Female,South,7,493.3627571640654,Beauty,2,1
632,633,57,Female,North,1,458.12572345286395,Home,4,0
633,634,35,Female,East,8,467.4487426707223,Electronics,3,0
634,635,51,Female,South,3,104.23812755085022,Beauty,2,0
635,636,40,Male,West,4,448.3589926508913,Home,1,0
636,637,56,Female,North,4,357.1902258783734,Home,1,0
637,638,64,Female,West,2,337.0136620376041,Home,4,0
638,639,54,Female,East,3,237.3169405300259,Books,4,0
639,640,64,Female,West,5,49.44876670791301,Electronics,2,0
640,641,18,Female,East,3,201.90807016446496,Clothing,1,0
641,642,59,Male,South,5,77.20615140771585,Home,1,0
642,643,37,Male,East,8,270.650171899617,Clothing,4,0
643,644,64,Male,South,8,43.44097581944672,Beauty,1,0
644,645,42,Female,East,3,252.4884712806885,Clothing,1,0
645,646,23,Female,South,5,133.33104408676513,Home,4,0
646,647,47,Female,East,1,200.11797847836766,Beauty,4,0
647,648,37,Female,South,7,75.59162705689432,Home,3,0
648,649,26,Female,North,3,181.0207289832469,Beauty,1,1
649,650,35,Male,South,7,375.3581871507725,Books,1,0
650,651,57,Female,West,8,93.93982806529296,Home,1,0
651,652,20,Female,North,7,59.47171490202437,Clothing,2,1
652,653,53,Female,East,5,424.18429039738476,Beauty,2,0
653,654,23,Male,South,9,206.66425257640836,Clothing,3,0
654,655,61,Female,South,1,334.41282929945316,Home,2,1
655,656,55,Male,South,6,42.45526288947858,Clothing,4,0
656,657,18,Male,East,6,30.988840774481435,Home,4,0
657,658,36,Female,West,7,366.3705492099514,Electronics,1,0
658,659,55,Female,East,7,92.7958294586723,Electronics,4,1
659,660,45,Male,South,2,49.222257848425784,Books,4,0
660,661,64,Female,North,5,421.7484474541582,Electronics,1,0
661,662,26,Male,South,6,474.41101057515374,Electronics,3,0
662,663,64,Female,North,2,58.35244452227335,Home,2,0
663,664,27,Female,South,9,448.3557495883637,Home,4,0
664,665,41,Female,West,6,240.94391101155242,Home,1,0
665,666,43,Female,West,5,443.0427302435893,Home,3,0
666,667,25,Male,East,8,418.37288417520995,Clothing,2,1
667,668,22,Male,West,8,158.81226978265929,Clothing,2,0
668,669,30,Male,North,1,479.93447047986916,Beauty,3,0
669,670,39,Female,East,7,206.02245305305416,Books,3,0
670,671,51,Male,West,6,471.579241015964,Home,3,0
671,672,42,Female,South,3,132.99413146981843,Beauty,3,0
672,673,40,Male,West,1,246.44104804984843,Books,1,0
673,674,58,Female,East,2,364.85897888516837,Home,3,0
674,675,38,Male,West,1,302.70354421225596,Home,1,0
675,676,20,Female,North,3,337.0413998072778,Clothing,1,0
676,677,25,Male,North,6,55.65918413002963,Electronics,4,0
677,678,63,Male,North,2,39.95769717495608,Beauty,3,0
678,679,56,Female,North,6,317.7645592335264,Beauty,4,0
679,680,56,Female,North,8,259.79573076761073,Electronics,4,0
680,681,39,Male,East,3,184.37502526036866,Clothing,3,1
681,682,62,Male,West,3,486.7764542787996,Clothing,4,1
682,683,28,Female,East,1,152.6316124349521,Books,2,0
683,684,40,Male,West,3,436.64056766154425,Electronics,1,0
684,685,33,Male,North,7,209.776733740415,Beauty,1,1
685,686,45,Male,South,9,207.86585508528265,Home,4,0
686,687,52,Female,South,8,195.05737737060426,Clothing,3,0
687,688,59,Male,South,3,237.99788176130195,Clothing,2,0
688,689,46,Female,West,5,299.9639975310621,Books,3,0
689,690,55,Female,West,1,27.023417063830546,Books,4,0
690,691,23,Female,East,1,377.6273371743969,Beauty,4,0
691,692,31,Male,East,9,399.5120795684741,Electronics,1,0
692,693,46,Female,West,7,13.711941566424944,Electronics,2,1
693,694,45,Female,North,4,167.63455816851476,Clothing,1,0
694,695,27,Female,North,4,478.92683258004195,Electronics,1,0
695,696,63,Female,North,3,98.34342151012454,Clothing,4,0
696,697,64,Female,South,5,279.23248952517116,Clothing,1,0
697,698,21,Female,East,8,35.8629813577802,Clothing,2,0
698,699,41,Female,South,3,258.6003679287605,Books,2,0
699,700,19,Male,East,6,396.71509379075474,Clothing,4,0
700,701,63,Female,North,4,472.60366568096015,Books,4,0
701,702,46,Male,North,3,32.8973252423636,Home,4,0
702,703,42,Female,North,1,227.78521576049846,Clothing,1,1
703,704,48,Female,South,8,370.1060453202743,Beauty,2,0
704,705,64,Female,North,7,492.79101311997454,Clothing,1,1
705,706,63,Female,North,7,136.7768820833044,Clothing,1,0
706,707,32,Female,South,8,329.2323854317162,Electronics,1,1
707,708,55,Male,North,9,141.80764955349602,Clothing,3,0
708,709,50,Male,North,3,100.03296568865386,Home,4,0
709,710,25,Female,South,2,354.3086506509214,Books,4,1
710,711,57,Female,West,4,18.512856318384934,Beauty,1,0
711,712,33,Female,East,4,453.63379734311866,Books,3,0
712,713,55,Male,North,8,80.90178270400693,Electronics,3,0
713,714,61,Female,North,8,346.81638032494993,Beauty,1,0
714,715,58,Female,South,7,189.57560322640188,Books,3,0
715,716,51,Female,West,5,108.49870844424991,Clothing,4,1
716,717,23,Male,South,1,51.96363367473725,Beauty,4,1
717,718,56,Female,West,6,54.11075679582887,Electronics,3,0
718,719,57,Male,South,1,452.1066354706579,Electronics,4,0
719,720,40,Male,South,2,85.10932819612178,Books,4,0
720,721,38,Female,West,6,467.9673013111419,Home,3,0
721,722,52,Female,West,1,460.1424344834208,Home,2,0
722,723,64,Male,East,6,352.42541490567663,Beauty,4,0
723,724,46,Female,South,9,361.46056276185016,Electronics,4,0
724,725,52,Male,North,6,334.6721255018658,Electronics,1,0
725,726,19,Female,North,1,243.88705906858306,Electronics,2,0
726,727,50,Female,West,9,272.9474153657381,Books,3,0
727,728,43,Female,East,7,145.39428599036336,Electronics,2,0
728,729,61,Female,South,5,317.7209770145909,Clothing,2,0
729,730,49,Female,East,7,274.19849419318695,Beauty,3,0
730,731,35,Female,West,6,113.42789849805257,Clothing,1,0
731,732,51,Male,West,8,211.61151745785858,Books,3,0
732,733,47,Female,West,8,231.37154160883367,Electronics,3,0
733,734,61,Male,East,8,247.66024004202515,Clothing,3,0
734,735,40,Female,North,6,250.9673537966828,Electronics,3,0
735,736,37,Male,North,2,423.24419823036794,Books,2,0
736,737,63,Male,North,1,173.57853045361452,Beauty,2,0
737,738,40,Male,East,6,50.549093948090636,Electronics,2,0
738,739,57,Male,South,2,40.178151534698486,Books,4,0
739,740,25,Female,East,7,186.98142508484503,Beauty,3,0
740,741,31,Female,North,2,415.37691581695515,Books,1,0
741,742,40,Male,West,7,373.19404907033066,Electronics,3,1
742,743,63,Female,West,1,332.8009604834073,Home,4,0
743,744,31,Female,North,6,384.97697416094485,Books,4,0
744,745,19,Female,South,8,95.90725330417852,Electronics,2,0
745,746,21,Male,West,4,181.14577088636034,Books,1,0
746,747,41,Male,South,2,317.72090302390177,Home,2,0
747,748,53,Male,West,9,105.1190326977227,Clothing,4,0
748,749,26,Female,North,6,139.5929971739781,Beauty,1,0
749,750,33,Male,East,2,204.75033933706638,Beauty,1,0
750,751,49,Female,East,5,124.61600893210674,Beauty,1,0
751,752,49,Male,South,7,236.34460013369727,Home,1,0
752,753,44,Male,North,3,285.43367961456016,Beauty,3,0
753,754,32,Male,West,1,365.1315908220504,Electronics,4,0
754,755,21,Male,South,5,42.1189825892232,Electronics,4,0
755,756,53,Male,North,5,345.02101196588217,Home,1,1
756,757,42,Female,East,7,406.661860756847,Clothing,2,0
757,758,32,Female,East,6,214.39915047928545,Beauty,3,0
758,759,29,Male,East,1,112.1801698668545,Home,1,0
759,760,24,Male,South,1,454.2266309443978,Beauty,4,1
760,761,53,Male,East,7,425.08651577977946,Clothing,4,0
761,762,41,Female,South,2,145.82827251259639,Home,1,0
762,763,23,Female,West,9,382.00192321480023,Books,2,0
763,764,58,Male,East,9,337.061677111083,Electronics,2,0
764,765,62,Male,East,4,383.0402242709594,Electronics,3,0
765,766,48,Female,East,3,140.6165613426536,Books,2,0
766,767,38,Female,East,8,455.3797188920528,Electronics,3,1
767,768,28,Male,West,4,155.21110578214314,Home,2,1
768,769,33,Female,South,3,97.33767207602781,Home,2,0
769,770,31,Female,West,3,338.3164324745742,Beauty,3,0
770,771,42,Female,North,3,223.83417593767453,Beauty,3,1
771,772,31,Female,West,1,99.20665279402408,Electronics,1,0
772,773,55,Male,South,5,59.71077067237614,Electronics,3,0
773,774,35,Female,North,2,72.8937281972127,Electronics,3,1
774,775,31,Female,East,7,466.1276021591193,Home,2,0
775,776,41,Male,East,4,452.69369269080255,Clothing,1,0
776,777,25,Male,East,2,72.97516673559214,Books,2,0
777,778,62,Male,North,8,416.7534872766678,Home,2,0
778,779,42,Male,South,8,281.96880826956345,Clothing,4,1
779,780,51,Female,North,1,44.04071283977416,Clothing,3,0
780,781,62,Male,East,5,62.23863277974597,Electronics,1,0
781,782,61,Male,East,2,297.6691198445107,Beauty,3,0
782,783,45,Male,East,9,48.63420113397909,Clothing,3,0
783,784,41,Male,North,2,21.077323710243885,Beauty,2,0
784,785,35,Male,North,7,464.01221530231925,Electronics,4,0
785,786,51,Female,South,2,13.006615752368626,Electronics,3,0
786,787,59,Female,East,2,208.18135125655658,Home,2,0
787,788,20,Female,North,1,275.4722272130399,Beauty,4,0
788,789,29,Male,North,1,336.29743919592215,Beauty,1,1
789,790,53,Male,West,9,107.85253010691517,Beauty,4,0
790,791,22,Female,East,2,257.45798863461505,Electronics,1,0
791,792,36,Female,East,3,47.7150117070077,Books,1,0
792,793,29,Male,North,9,80.22957558759586,Electronics,4,0
793,794,44,Male,West,6,315.9289362099804,Clothing,1,0
794,795,34,Female,East,6,302.2198556395577,Home,4,0
795,796,60,Male,East,9,406.81987079767265,Electronics,1,1
796,797,45,Female,East,7,248.112393148489,Electronics,4,1
797,798,57,Male,North,3,158.66246839373494,Electronics,3,1
798,799,39,Male,North,9,206.54078786793457,Clothing,4,0
799,800,27,Female,South,4,234.1567281962177,Home,3,0
800,801,58,Male,South,3,330.5184515716793,Home,2,1
801,802,23,Male,East,9,184.8885120089297,Home,4,1
802,803,34,Male,West,3,423.27240355334175,Books,4,0
803,804,29,Female,East,1,37.79880180744601,Electronics,4,0
804,805,23,Male,West,3,403.90941111541827,Electronics,4,0
805,806,60,Male,North,3,48.60786456847167,Clothing,4,0
806,807,39,Male,South,5,94.97488573201777,Home,4,0
807,808,33,Female,North,9,262.5857116365618,Beauty,1,0
808,809,21,Female,West,7,61.9805923461491,Books,3,1
809,810,42,Female,West,3,265.47049918586595,Electronics,4,0
810,811,50,Female,South,3,119.975346280806,Books,2,0
811,812,18,Male,North,4,224.44589681589625,Books,2,0
812,813,32,Male,East,7,382.0090765999441,Beauty,1,0
813,814,34,Female,North,4,439.94708078883434,Clothing,3,0
814,815,60,Female,West,9,349.24932204695546,Home,2,0
815,816,36,Male,North,3,201.5960872997994,Electronics,2,0
816,817,36,Female,South,7,445.3973681499006,Books,1,0
817,818,37,Female,North,9,187.02048250848586,Beauty,2,0
818,819,18,Female,North,5,395.5398331645446,Electronics,3,0
819,820,40,Male,West,4,476.39906129246316,Clothing,3,0
820,821,33,Female,East,2,70.65491212578908,Home,3,0
821,822,41,Male,East,5,442.4321314648804,Electronics,1,1
822,823,37,Female,South,3,363.41161505233384,Home,1,1
823,824,32,Male,South,3,389.1150927046085,Electronics,2,1
824,825,41,Male,North,7,404.25168003374677,Home,3,0
825,826,54,Male,East,6,138.53478124374567,Electronics,4,1
826,827,58,Female,South,3,350.54460196068123,Beauty,3,0
827,828,50,Male,East,9,408.98921400248855,Electronics,4,0
828,829,49,Female,West,7,416.8251933730785,Beauty,1,1
829,830,48,Male,South,8,392.84294569225966,Clothing,3,1
830,831,32,Female,East,4,263.9251138044144,Electronics,4,0
831,832,18,Female,East,7,121.06841105646775,Home,2,0
832,833,29,Female,East,9,337.1738743956574,Books,3,1
833,834,52,Female,West,8,298.01019964291595,Clothing,1,0
834,835,54,Male,North,7,95.96447154267389,Books,3,0
835,836,47,Male,South,5,229.29580325734028,Books,4,0
836,837,43,Male,East,8,378.2643701471226,Clothing,4,0
837,838,28,Male,East,8,314.9423719231787,Beauty,1,0
838,839,49,Male,South,4,38.62539592595531,Electronics,3,0
839,840,19,Female,South,9,315.95636813500636,Books,1,1
840,841,27,Female,West,1,413.7574731502601,Clothing,1,0
841,842,63,Female,North,9,197.92903267920008,Electronics,3,0
842,843,39,Female,East,1,220.26119890587785,Home,1,1
843,844,26,Female,South,5,299.41476979549566,Beauty,2,0
844,845,47,Male,North,6,83.08988604844053,Clothing,3,0
845,846,42,Male,North,5,328.8526034187393,Books,4,0
846,847,38,Female,North,4,84.68850287156309,Electronics,2,0
847,848,35,Female,North,5,404.57608184153025,Home,4,0
848,849,37,Female,East,7,369.6636505199657,Clothing,2,1
849,850,57,Female,North,2,37.4229642920147,Beauty,2,1
850,851,33,Female,East,7,493.4095471449117,Clothing,1,0
851,852,56,Male,South,9,418.30824146571575,Beauty,3,1
852,853,52,Female,East,7,316.90489080495223,Electronics,1,0
853,854,46,Male,North,4,356.22871855130745,Home,4,1
854,855,63,Female,South,8,148.59429186411185,Beauty,4,0
855,856,47,Male,East,8,326.2699380338215,Books,2,0
856,857,20,Male,East,9,432.67063528295057,Clothing,3,0
857,858,49,Male,South,6,265.1049638472451,Electronics,1,0
858,859,31,Male,East,1,138.61599556712355,Electronics,4,0
859,860,43,Male,West,9,431.19262425622935,Beauty,4,0
860,861,22,Male,North,9,234.2724674106253,Books,3,0
861,862,45,Female,South,1,431.1975146350923,Electronics,2,0
862,863,25,Female,North,9,18.98676025461141,Electronics,3,0
863,864,62,Male,West,1,55.806207997758484,Beauty,4,1
864,865,50,Male,South,2,108.41035343771344,Beauty,1,0
865,866,53,Female,North,6,283.239393729109,Beauty,1,0
866,867,30,Female,East,7,33.791364890298624,Clothing,1,0
867,868,37,Female,West,7,165.11023415052662,Home,2,0
868,869,35,Male,South,6,480.77056831502716,Beauty,3,0
869,870,37,Male,West,8,464.3770530443835,Beauty,3,0
870,871,60,Male,East,8,351.66375184276205,Beauty,2,0
871,872,50,Female,East,1,418.6067268203488,Clothing,1,0
872,873,38,Male,South,9,31.314383750197294,Clothing,4,0
873,874,63,Male,South,4,316.8411408109429,Books,4,0
874,875,41,Female,West,4,130.5682655255311,Electronics,3,0
875,876,45,Female,South,9,99.0954188818797,Home,1,0
876,877,22,Male,North,2,166.31884843994487,Books,4,0
877,878,47,Female,West,6,353.1672110158897,Electronics,3,0
878,879,60,Male,North,2,201.07532271104853,Books,2,0
879,880,41,Female,West,9,184.46638384185798,Clothing,4,0
880,881,56,Female,South,3,444.4025167850491,Beauty,4,0
881,882,31,Female,East,6,207.5091902022347,Books,2,0
882,883,53,Female,East,3,323.5998287942429,Home,1,0
883,884,53,Male,West,5,392.6840241426672,Home,2,0
884,885,43,Female,North,3,288.65089376306577,Electronics,3,0
885,886,30,Male,East,8,39.32355234513474,Home,3,1
886,887,57,Male,West,4,482.09749326780457,Clothing,4,1
887,888,38,Female,West,3,330.5534791276793,Home,1,1
888,889,43,Male,East,8,498.5654119148891,Books,3,0
889,890,51,Male,East,7,134.77125826540677,Home,4,0
890,891,57,Male,North,1,211.88959568853934,Books,3,0
891,892,31,Male,South,3,244.74260789007977,Books,4,0
892,893,38,Female,North,3,489.9721516272825,Beauty,3,0
893,894,60,Female,West,4,80.79981619861131,Clothing,1,0
894,895,64,Male,West,1,156.06388131107514,Electronics,1,0
895,896,36,Female,South,9,302.87398619230396,Books,4,0
896,897,29,Male,North,2,372.77724854359906,Beauty,2,0
897,898,53,Male,North,7,386.7416595171015,Home,2,1
898,899,47,Female,North,2,447.5174416326918,Home,1,0
899,900,61,Female,East,8,383.016334075735,Electronics,2,0
900,901,50,Female,West,3,23.65455864171885,Clothing,3,0
901,902,61,Male,North,6,87.1333262170987,Clothing,2,0
902,903,40,Female,East,8,356.84598641755525,Books,1,0
903,904,58,Male,East,5,487.4795327111421,Books,3,0
904,905,30,Female,North,7,59.31501788579035,Clothing,3,0
905,906,45,Male,West,9,55.680649067000026,Clothing,1,0
906,907,45,Male,South,5,476.3719394323216,Clothing,1,0
907,908,36,Female,South,7,415.76829909265234,Electronics,1,0
908,909,54,Male,North,8,51.958563724939715,Electronics,2,1
909,910,48,Male,West,4,320.2851444891934,Home,1,0
910,911,59,Male,South,8,95.65868842808776,Electronics,1,1
911,912,56,Male,West,8,136.6083293645319,Clothing,4,0
912,913,34,Female,South,1,400.23955191811376,Clothing,2,1
913,914,45,Male,East,7,295.7411312286471,Books,2,0
914,915,21,Male,West,6,238.81245487914282,Electronics,1,1
915,916,23,Female,South,9,31.108017586972387,Clothing,4,0
916,917,36,Male,North,8,223.48257915428158,Clothing,4,0
917,918,40,Male,West,4,204.34373788486556,Electronics,3,0
918,919,57,Male,West,2,289.8287568672679,Beauty,4,0
919,920,62,Female,West,3,146.4129765399447,Home,1,0
920,921,59,Male,South,7,20.322809478937106,Books,2,0
921,922,23,Male,East,9,208.92254257351195,Electronics,3,0
922,923,41,Female,East,3,66.8340758411099,Home,4,0
923,924,39,Male,South,7,101.33143770468422,Clothing,1,0
924,925,38,Male,East,1,58.74230955832424,Clothing,1,0
925,926,31,Female,East,3,394.16081337564566,Books,1,1
926,927,41,Female,North,2,271.71597567502084,Beauty,2,1
927,928,42,Female,East,6,19.483312865397647,Home,3,0
928,929,34,Male,South,9,468.234594587028,Home,1,0
929,930,63,Male,South,3,222.88563250388714,Beauty,2,1
930,931,52,Male,South,8,112.61174953188159,Clothing,1,0
931,932,34,Female,North,9,195.13519644682273,Books,4,0
932,933,45,Male,West,8,141.96096069083086,Electronics,4,0
933,934,19,Male,East,9,311.78479647838316,Books,3,0
934,935,51,Female,South,9,10.316384796973837,Clothing,2,0
935,936,18,Male,North,3,297.5846559301789,Electronics,4,0
936,937,64,Female,East,9,321.40979375177756,Electronics,2,0
937,938,20,Male,West,1,422.802930824728,Electronics,2,0
938,939,39,Male,North,4,114.71315462926542,Electronics,2,0
939,940,59,Female,South,1,288.1168980531118,Electronics,1,0
940,941,21,Female,South,2,249.12877796315163,Home,4,0
941,942,32,Male,West,4,84.26323718343714,Home,2,0
942,943,53,Male,East,8,208.7486285423399,Clothing,4,0
943,944,56,Male,North,6,444.54580567521043,Clothing,3,0
944,945,29,Male,North,4,442.5641178681768,Clothing,2,0
945,946,54,Male,East,4,218.2214140282804,Books,2,0
946,947,58,Male,South,6,394.2501232833958,Books,2,1
947,948,24,Female,East,1,478.9630237317169,Electronics,2,0
948,949,48,Female,East,5,139.85789837163773,Electronics,3,0
949,950,22,Male,East,4,325.9722499033496,Home,2,0
950,951,44,Female,South,8,329.30097094065,Electronics,2,0
951,952,42,Female,South,9,156.95888593426164,Home,4,0
952,953,34,Male,North,2,423.0980329836906,Clothing,4,1
953,954,45,Female,East,2,328.4463905812164,Books,2,0
954,955,44,Female,East,8,443.6440249010373,Books,1,0
955,956,43,Female,South,6,434.8127932381658,Home,2,0
956,957,46,Male,South,8,262.8973738459523,Beauty,3,0
957,958,44,Female,East,1,354.58702212385964,Home,1,0
958,959,34,Male,West,3,70.12662520780634,Home,2,0
959,960,55,Male,South,7,480.42884899939435,Beauty,3,1
960,961,33,Male,West,7,220.11485481137237,Home,3,0
961,962,26,Female,East,5,169.28272954793908,Clothing,2,0
962,963,49,Female,East,9,147.11836985798192,Beauty,4,1
963,964,18,Female,West,2,185.63458216705723,Clothing,1,0
964,965,26,Female,West,1,269.3267758736172,Beauty,1,1
965,966,24,Male,East,3,240.8511179707848,Beauty,3,0
966,967,61,Female,West,7,195.52436193744717,Books,2,0
967,968,54,Male,East,8,204.5850069374264,Clothing,2,0
968,969,57,Female,West,8,257.62529118396844,Clothing,3,0
969,970,62,Female,East,2,317.16896731819367,Home,2,0
970,971,23,Female,South,6,91.12404742259956,Home,4,1
971,972,54,Male,East,5,294.5212549001884,Clothing,2,0
972,973,56,Male,East,2,469.390115639987,Beauty,3,1
973,974,21,Male,South,1,487.93641894276004,Electronics,1,0
974,975,54,Male,East,4,467.31051541274,Home,3,1
975,976,27,Female,South,6,125.24951893126742,Books,3,1
976,977,27,Male,South,9,77.45478944715049,Home,2,0
977,978,52,Male,West,9,205.14819676371323,Beauty,3,0
978,979,25,Male,East,3,367.6271556066088,Home,3,0
979,980,40,Male,South,9,166.0460601349226,Electronics,4,1
980,981,24,Female,North,6,242.9760892612649,Books,1,1
981,982,19,Female,East,8,243.96483590744552,Electronics,4,0
982,983,55,Male,East,8,26.361977205584328,Clothing,4,0
983,984,37,Female,North,3,462.42147677099024,Books,3,1
984,985,48,Male,South,3,58.32563372303082,Books,3,0
985,986,47,Female,East,9,47.322518160357816,Beauty,4,0
986,987,42,Male,North,3,291.16360951648744,Clothing,1,0
987,988,27,Male,East,4,200.63925896334527,Electronics,1,0
988,989,34,Male,West,7,306.7054391253448,Clothing,4,0
989,990,26,Male,East,9,227.04680636864,Books,3,0
990,991,60,Female,South,3,286.0457545406813,Clothing,1,0
991,992,49,Male,South,1,171.47216242612464,Electronics,1,0
992,993,41,Male,East,2,188.09908668471962,Clothing,3,1
993,994,33,Female,North,4,362.6210744152886,Beauty,2,0
994,995,63,Male,North,7,218.33058824147383,Clothing,1,0
995,996,29,Male,North,1,416.0454950821975,Clothing,2,0
996,997,52,Male,South,4,219.3252139191941,Home,2,1
997,998,60,Female,East,2,110.14476890255024,Home,1,1
998,999,64,Female,West,7,467.6813693758235,Home,2,0
999,1000,63,Male,West,7,492.3897336557352,Books,4,0
